ts_code,start_date,end_date,breakthrough_date,start_price,current_price,growth_rate,ret_from_break_pct,days,year_start_price,year_to_date_growth,growth_5d,growth_10d,growth_20d,growth_30d,score,up_days,down_days,up_down_ratio,up_rate_sum,down_rate_sum,rate_sum,nh_break_events,nh_lookback_n,recent_5d_growth
09866,20250412,20260418,20260401,48.38,54.5,12.65,12.65,10,41.32,31.9,0.79,12.65,0.0,0.0,3.95,6,3,2.0,20.15,7.59,27.74,4,60,4.01
09863,20250412,20260418,20260401,51.25,56.95,11.12,11.12,10,49.56,14.91,7.02,11.12,0.0,0.0,4.74,7,1,7.0,13.64,2.86,16.5,7,60,2.15
09996,20250412,20260418,20260401,6.16,7.1,15.26,15.26,10,6.12,16.01,8.12,15.26,0.0,0.0,6.2,6,3,2.0,16.65,2.12,18.77,0,60,4.11
01877,20250412,20260418,20260401,25.84,28.96,12.07,12.07,10,22.28,29.98,-3.48,12.07,0.0,0.0,2.92,5,4,1.25,20.16,8.1,28.26,6,60,9.45
06127,20250412,20260418,20260401,20.92,21.98,5.07,5.07,10,19.96,10.12,7.46,5.07,0.0,0.0,3.01,5,3,1.67,13.8,8.42,22.23,0,60,1.57
02600,20240126,20260418,20260401,11.72,12.89,9.98,9.98,10,12.64,1.98,6.06,9.98,0.0,0.0,4.21,5,4,1.25,17.36,7.42,24.78,0,60,5.48
03692,20250412,20260418,20260401,37.42,39.76,6.25,6.25,10,36.44,9.11,3.58,6.25,0.0,0.0,2.59,5,4,1.25,11.13,4.82,15.95,0,60,3.38
02252,20250412,20260418,20260401,27.46,34.14,24.33,24.33,10,24.44,39.69,3.79,24.33,0.0,0.0,8.06,5,3,1.67,30.29,7.44,37.74,2,60,22.54
01651,20250412,20260418,20260401,37.12,45.8,23.38,23.38,10,34.5,32.75,17.03,23.38,0.0,0.0,10.42,6,3,2.0,25.91,3.88,29.79,0,60,7.01
01167,20250412,20260418,20260401,7.3,8.06,10.41,10.41,10,6.42,25.55,-1.1,10.41,0.0,0.0,2.9,5,4,1.25,17.67,7.22,24.89,1,60,14.33
06821,20250412,20260418,20260331,91.0,98.45,8.19,8.19,11,73.6,33.76,8.08,10.66,0.0,0.0,4.81,5,4,1.25,20.54,11.6,32.14,2,60,-1.55
00966,20230625,20260418,20260331,20.48,22.2,8.4,8.4,11,19.31,14.97,7.71,8.98,0.0,0.0,4.24,5,5,1.0,15.6,7.18,22.78,0,60,-0.36
01184,20240126,20260418,20260331,4.63,5.05,9.07,9.07,11,4.53,11.48,6.48,9.07,0.0,0.0,4.02,6,2,3.0,9.38,0.61,9.98,3,60,1.41
01288,20240126,20260418,20260331,5.57,6.05,8.62,8.62,11,5.83,3.77,3.05,7.54,0.0,0.0,2.87,9,1,9.0,8.49,0.17,8.66,7,60,4.13
02142,20250412,20260418,20260331,13.1,14.95,14.12,14.12,11,12.08,23.76,4.5,12.9,0.0,0.0,4.77,7,3,2.33,22.22,8.31,30.53,1,60,8.02
01396,20240126,20260418,20260331,6.1,8.25,35.25,35.25,11,5.17,59.57,-1.97,24.59,0.0,0.0,6.98,6,2,3.0,48.22,14.74,62.96,3,60,25.38
09969,20250412,20260418,20260330,13.66,15.72,15.08,15.08,12,12.5,25.76,12.66,13.91,0.0,0.0,6.7,4,7,0.57,20.4,5.68,26.09,7,60,4.94
00133,20240126,20260418,20260330,16.36,18.5,13.08,13.08,12,15.55,18.97,1.77,14.3,0.0,0.0,4.64,8,3,2.67,14.24,1.6,15.84,7,60,2.32
02096,20250412,20260418,20260330,12.55,13.79,9.88,9.88,12,11.8,16.86,9.4,11.31,0.0,0.0,5.27,6,5,1.2,11.76,2.09,13.85,3,60,0.44
02877,20240126,20260418,20260327,9.2,9.88,7.39,7.39,13,8.58,15.15,6.09,7.17,0.0,0.0,3.37,7,5,1.4,12.71,5.32,18.03,1,60,0.71
02162,20250412,20260418,20260327,60.55,79.25,30.88,30.88,13,53.45,48.27,17.84,22.38,0.0,0.0,10.28,8,4,2.0,31.64,3.66,35.3,9,60,6.66
06699,20250412,20260418,20260327,66.55,90.25,35.61,35.61,13,60.9,48.19,16.83,28.25,0.0,0.0,11.84,10,1,10.0,31.96,0.66,32.62,5,60,9.06
06990,20250412,20260418,20260327,457.6,520.0,13.64,13.64,13,400.6,29.81,10.03,6.03,0.0,0.0,3.81,6,6,1.0,19.42,6.01,25.43,5,60,6.73
02171,20250412,20260418,20260327,17.46,24.9,42.61,42.61,13,15.32,62.53,5.33,19.7,0.0,0.0,6.98,7,5,1.4,43.0,5.88,48.87,7,60,32.45
01789,20250412,20260418,20260327,6.27,6.95,10.85,10.85,13,5.79,20.03,2.55,11.64,0.0,0.0,4.0,5,6,0.83,15.33,4.55,19.88,4,60,-1.14
01657,20250412,20260418,20260326,15.5,22.82,47.23,47.23,14,14.5,57.38,3.23,10.65,0.0,0.0,3.84,5,2,2.5,48.52,5.38,53.91,4,60,33.06
02595,20250412,20260418,20260325,32.0,45.54,42.31,42.31,15,22.34,103.85,4.44,22.69,0.0,0.0,7.7,8,6,1.33,55.54,17.12,72.66,4,60,16.06
02815,20230625,20260412,20260325,68.2,74.94,9.88,9.88,10,66.56,12.59,-0.21,9.88,0.0,0.0,2.92,6,3,2.0,14.04,4.29,18.33,0,60,7.92
02696,20250412,20260418,20260325,67.15,84.45,25.76,25.76,15,58.6,44.11,3.87,24.13,0.0,0.0,8.01,10,4,2.5,29.65,5.77,35.42,3,60,1.44
06996,20250412,20260418,20260325,4.65,5.94,27.74,27.74,15,3.91,51.92,1.08,20.65,0.0,0.0,6.41,10,4,2.5,33.87,8.07,41.94,10,60,2.59
03320,20240126,20260418,20260325,4.97,6.38,28.37,28.37,15,4.51,41.46,16.3,27.57,0.0,0.0,11.53,11,3,3.67,30.9,5.17,36.08,11,60,2.57
01361,20240126,20260418,20260325,5.89,6.98,18.51,18.51,15,5.38,29.74,6.62,15.28,0.0,0.0,5.91,9,4,2.25,20.71,3.37,24.08,6,60,1.16
03005,20240126,20260412,20260324,24.34,25.84,6.16,6.16,11,23.84,8.39,1.15,5.01,0.0,0.0,1.73,5,4,1.25,10.52,4.35,14.87,0,60,4.62
00586,20230625,20260418,20260324,10.79,11.66,8.06,8.06,16,9.6,21.46,9.08,14.46,0.0,0.0,6.15,8,6,1.33,19.57,11.22,30.8,0,60,-4.89
02105,20250412,20260418,20260324,14.16,18.15,28.18,28.18,16,13.59,33.55,6.0,28.6,0.0,0.0,9.78,8,7,1.14,41.98,15.42,57.39,3,60,4.91
01209,20250412,20260418,20260324,45.44,48.08,5.81,5.81,16,43.06,11.66,-2.82,6.56,0.0,0.0,1.4,5,9,0.56,17.39,11.25,28.65,0,60,2.65
02588,20240126,20260418,20260324,76.75,82.1,6.97,6.97,16,73.7,11.4,1.24,7.36,0.0,0.0,2.46,7,8,0.88,15.57,8.51,24.08,0,60,-0.18
00270,20240126,20260418,20260324,7.5,8.01,6.8,6.8,16,6.84,17.11,-0.13,11.2,0.0,0.0,3.33,7,8,0.88,17.63,10.66,28.29,3,60,-1.72
06693,20250412,20260418,20260324,35.6,41.1,15.45,15.45,16,30.68,33.96,14.94,21.46,0.0,0.0,9.43,7,7,1.0,37.33,21.2,58.53,0,60,-1.82
09995,20250412,20260418,20260324,91.15,119.9,31.54,31.54,16,73.65,62.8,8.45,18.16,0.0,0.0,7.14,8,7,1.14,45.81,16.22,62.03,4,60,9.1
01378,20230625,20260418,20260324,34.04,37.9,11.34,11.34,16,34.02,11.41,5.11,15.45,0.0,0.0,5.66,9,6,1.5,27.09,15.66,42.75,0,60,1.01
02651,20250412,20260418,20260324,10.8,13.1,21.3,21.3,16,10.96,19.53,5.19,11.2,0.0,0.0,4.4,8,6,1.33,46.08,24.27,70.35,6,60,7.47
01501,20250412,20260418,20260324,31.0,38.2,23.23,23.23,16,29.3,30.38,6.77,18.26,0.0,0.0,6.83,11,4,2.75,28.75,7.24,35.99,7,60,-1.65
01070,20240126,20260418,20260324,11.22,13.85,23.44,23.44,16,10.47,32.28,10.34,30.21,0.0,0.0,11.13,9,6,1.5,32.29,9.94,42.23,2,60,-1.07
09926,20190627,20260418,20260324,120.0,151.0,25.83,25.83,16,113.3,33.27,10.92,12.92,0.0,0.0,6.06,11,4,2.75,29.77,6.06,35.83,8,60,9.58
09879,20250412,20260418,20260324,7.56,8.13,7.54,7.54,16,7.91,2.78,3.17,11.9,0.0,0.0,4.2,9,6,1.5,18.06,10.41,28.47,2,60,1.37
00900,20240126,20260418,20260324,7.47,8.51,13.92,13.92,16,7.29,16.74,2.28,10.04,0.0,0.0,3.47,9,4,2.25,15.47,2.2,17.67,4,60,4.8
02359,20250412,20260418,20260324,113.6,122.9,8.19,8.19,16,101.0,21.68,0.44,13.47,0.0,0.0,4.13,10,5,2.0,18.02,9.67,27.69,4,60,-4.28
03012,20240126,20260412,20260324,20.18,21.42,6.14,6.14,11,19.34,10.75,-0.79,5.55,0.0,0.0,1.51,5,3,1.67,10.33,4.18,14.51,0,60,2.68
00014,20230625,20260418,20260324,18.13,19.25,6.18,6.18,16,18.07,6.53,1.71,7.56,0.0,0.0,2.61,9,6,1.5,18.42,11.97,30.39,0,60,-0.72
03931,20250412,20260418,20260323,30.12,37.24,23.64,23.64,17,26.0,43.23,4.98,11.49,0.0,0.0,4.44,10,6,1.67,30.26,8.33,38.59,8,60,0.32
02648,20250412,20260418,20260323,70.35,78.2,11.16,11.16,17,67.3,16.2,7.6,18.12,0.0,0.0,6.96,8,6,1.33,21.51,10.42,31.92,0,60,-1.01
00856,20240126,20260418,20260320,8.75,9.3,6.29,6.29,18,8.09,14.96,6.51,-0.91,0.0,0.0,1.03,7,10,0.7,30.81,23.38,54.19,5,60,2.42
80175,20250412,20260418,20260316,15.87,21.52,35.6,35.6,22,16.25,32.43,7.88,16.07,31.7,0.0,15.91,14,7,2.0,43.63,12.02,55.65,11,60,-0.92
00175,20230625,20260418,20260316,18.02,24.72,37.18,37.18,22,18.2,35.82,8.32,15.98,33.41,0.0,16.48,13,6,2.17,43.82,11.03,54.85,12,60,-0.88
01211,20230625,20260418,20260316,104.3,111.4,6.81,6.81,22,98.75,12.81,-0.48,2.11,2.88,0.0,1.4,9,11,0.82,26.42,19.06,45.48,6,60,1.0
00998,20240126,20260418,20260313,7.13,8.06,13.04,13.04,23,7.05,14.33,3.79,10.38,13.32,0.0,7.87,12,10,1.2,19.21,6.62,25.83,5,60,0.88
01428,20240126,20260418,20260313,9.27,11.74,26.65,26.65,22,8.48,38.44,27.4,42.18,27.94,0.0,26.52,7,14,0.5,77.5,43.36,120.86,2,60,-3.77
02442,20250412,20260418,20260312,10.0,39.88,298.8,298.8,24,19.43,105.25,105.0,116.8,187.2,0.0,112.2,15,8,1.88,222.93,50.3,273.23,3,60,38.86
00679,20240126,20260418,20260311,1.14,6.2,443.86,443.86,25,0.95,552.63,3.51,6.14,15.79,0.0,7.28,11,11,1.0,264.68,48.71,313.39,4,60,376.92
03618,20240126,20260418,20260311,6.07,7.0,15.32,15.32,25,6.0,16.74,3.29,7.58,16.97,0.0,8.02,16,7,2.29,21.17,6.67,27.84,14,60,-1.55
06088,20250412,20260418,20260310,5.74,7.93,38.15,38.15,26,5.11,55.19,6.79,12.54,40.24,0.0,17.19,11,13,0.85,91.29,52.18,143.47,6,60,1.54
03750,20250412,20260418,20260310,542.12,692.0,27.65,27.65,26,506.62,36.59,22.14,20.66,15.31,0.0,15.22,12,13,0.92,55.81,28.98,84.79,9,60,1.39
02477,20250412,20260418,20260310,12.13,22.96,89.28,89.28,26,12.33,86.21,14.51,34.38,50.54,0.0,28.38,17,7,2.43,102.25,33.28,135.53,10,60,25.19
03896,20250412,20260418,20260309,7.32,9.28,26.78,26.78,27,5.68,63.38,-4.1,-0.96,8.2,0.0,1.35,13,13,1.0,67.31,39.59,106.9,6,60,11.14
09887,20250412,20260418,20260309,60.95,85.85,40.85,40.85,27,50.5,70.0,2.05,6.64,47.58,0.0,16.68,17,9,1.89,66.14,28.23,94.37,9,60,-4.02
02616,20250412,20260418,20260306,6.65,10.1,51.88,51.88,28,5.34,89.14,7.22,4.06,40.6,0.0,14.84,15,12,1.25,71.97,26.37,98.34,11,60,2.02
02618,20180331,20260418,20260306,12.63,15.87,25.65,25.65,28,11.82,34.26,12.43,11.88,11.8,0.0,9.59,17,9,1.89,38.42,14.76,53.19,12,60,9.9
08087,20240126,20260418,20260306,6.77,8.48,25.26,25.26,28,6.1,39.02,30.72,31.17,31.46,0.0,24.93,8,2,4.0,28.91,5.06,33.98,1,60,-5.04
09698,20250412,20260418,20260305,37.24,42.66,14.55,14.55,29,35.62,19.76,11.92,23.47,10.15,0.0,12.47,16,12,1.33,54.01,37.84,91.84,1,60,4.25
03858,20250412,20260418,20260224,76.85,114.9,49.51,49.51,36,48.76,135.64,56.8,82.43,37.93,57.32,58.93,17,18,0.94,157.14,103.04,260.18,6,60,0.88
00568,20240126,20260418,20260220,4.02,8.31,106.72,106.72,38,3.23,157.28,6.72,116.42,193.78,129.85,120.37,17,20,0.85,264.66,135.11,399.77,2,60,-9.48
02881,20250412,20260418,20260216,5.6,6.74,20.36,20.36,39,5.28,27.65,0.89,3.57,26.79,29.46,15.18,20,11,1.82,58.99,37.38,96.38,4,60,-4.53
00167,20240126,20260418,20260216,3.05,5.3,73.77,73.77,39,3.44,54.07,53.44,144.26,92.46,103.28,102.36,18,17,1.06,214.63,123.66,338.29,8,60,-7.34
02597,20250412,20260418,20260212,17.0,31.82,87.18,87.18,41,15.15,110.03,-6.0,46.82,88.94,54.12,50.35,21,16,1.31,181.59,101.56,283.15,10,60,5.71
01440,20250412,20260418,20260210,9.4,12.75,35.64,35.64,43,7.5,70.0,-2.87,18.72,36.49,60.11,28.01,24,17,1.41,76.13,42.54,118.66,12,60,-3.63
01626,20240126,20260418,20260210,2.61,5.6,114.56,114.56,43,2.88,94.44,12.26,30.27,32.57,61.3,33.56,28,13,2.15,150.68,66.42,217.1,15,60,7.69
02585,20250412,20260418,20260209,15.3,21.0,37.25,37.25,44,14.22,47.68,7.78,32.55,56.86,39.61,36.3,23,20,1.15,98.89,61.47,160.36,7,60,-1.41
00666,20240126,20260418,20260209,14.03,16.75,19.39,19.39,44,13.14,27.47,-0.71,10.12,13.54,17.53,10.46,24,18,1.33,58.13,38.02,96.15,6,60,1.52
03288,20250412,20260418,20260205,33.26,36.06,8.42,8.42,46,32.07,12.45,0.78,1.26,2.95,1.02,1.62,18,25,0.72,43.28,34.02,77.31,10,60,-2.91
00316,20240126,20260418,20260203,129.5,138.2,6.72,6.72,48,127.0,8.82,2.55,7.18,20.15,14.29,11.57,29,18,1.61,39.03,31.6,70.62,10,60,-4.89
06823,20230625,20260412,20260203,11.71,12.34,5.38,5.38,43,11.64,6.01,1.54,3.76,4.95,4.61,3.84,24,16,1.5,14.31,8.96,23.27,9,60,0.41
01797,20250412,20260418,20260129,25.24,28.66,13.55,13.55,51,18.09,58.43,13.47,15.61,-3.09,0.08,6.47,24,26,0.92,88.52,71.48,160.01,5,60,0.42
03306,20230625,20260418,20260128,18.38,21.46,16.76,16.76,52,18.78,14.27,-0.22,11.97,14.25,14.47,10.72,29,22,1.32,60.6,43.3,103.9,9,60,-2.01
01919,20240126,20260418,20260127,13.57,14.7,8.33,8.33,53,13.9,5.76,-0.15,1.47,11.2,17.17,7.2,30,21,1.43,43.15,34.25,77.4,7,60,-4.17
01308,20230625,20260418,20260127,27.98,35.26,26.02,26.02,53,27.44,28.5,3.43,6.22,15.73,23.37,11.94,29,23,1.26,56.7,32.33,89.03,10,60,0.28
03097,20240126,20260412,20260126,4.88,8.38,71.69,71.69,49,4.61,81.83,4.96,5.06,8.45,41.04,13.25,32,15,2.13,126.45,63.43,189.88,11,60,4.69
03175,20240126,20260412,20260126,6.43,9.79,52.26,52.26,49,6.07,61.29,4.82,5.37,8.94,37.95,12.85,31,17,1.82,107.6,58.79,166.38,13,60,0.82
00939,20240126,20260418,20260126,7.66,8.68,13.32,13.32,54,7.8,11.28,3.26,4.05,6.14,1.57,4.02,32,19,1.68,36.04,23.02,59.06,6,60,3.09
00868,20240126,20260418,20260122,8.8,9.75,10.8,10.8,56,8.49,14.84,10.68,22.84,16.59,20.0,17.96,28,25,1.12,66.02,53.32,119.33,5,60,-2.4
08115,20240126,20260418,20260121,4.9,12.0,144.9,144.9,57,5.22,129.89,18.37,18.37,206.12,141.84,99.39,17,30,0.57,158.01,56.6,214.61,9,60,0.0
01693,20250412,20260418,20260120,2.71,7.5,176.75,176.75,58,2.35,219.15,43.17,54.98,87.45,88.19,69.0,25,15,1.67,195.77,73.28,269.05,10,60,42.31
03668,20240126,20260418,20260119,27.61,37.84,37.07,37.07,59,25.39,49.06,6.81,10.94,20.07,23.33,15.33,31,27,1.15,103.14,67.45,170.59,15,60,-5.64
00019,20240126,20260418,20260112,64.4,84.7,31.52,31.52,64,61.2,38.4,8.62,11.8,18.01,24.69,15.61,39,24,1.62,57.11,28.74,85.85,21,60,-1.91
06831,20250412,20260418,20260112,7.0,8.33,19.0,19.0,64,6.77,23.04,-0.43,2.43,3.0,6.0,2.74,34,28,1.21,77.48,57.32,134.8,13,60,-2.0
01972,20240126,20260418,20260109,20.62,25.06,21.53,21.53,65,20.36,23.08,6.4,9.41,16.29,25.12,14.01,32,30,1.07,62.51,41.63,104.13,14,60,1.29
00087,20240126,20260418,20260107,11.34,13.08,15.34,15.34,67,11.17,17.1,-0.26,1.68,11.55,16.23,7.16,35,29,1.21,50.45,35.27,85.72,12,60,-3.04
00669,20200331,20260418,20260107,95.8,109.2,13.99,13.99,67,92.55,17.99,3.81,5.43,12.63,24.95,11.17,32,33,0.97,68.79,53.77,122.55,11,60,-1.27
01523,20240126,20260418,20260107,6.24,7.46,19.59,19.59,67,5.93,25.84,2.56,2.73,9.62,29.5,10.12,36,29,1.24,68.85,48.98,117.83,13,60,-2.99
01672,20250412,20260418,20260107,12.39,18.48,49.15,49.15,67,11.52,60.42,3.87,9.52,5.57,42.53,13.81,35,31,1.13,121.92,76.97,198.9,2,60,5.6
01898,20240126,20260418,20260106,10.4,13.39,28.75,28.75,68,10.1,32.57,5.77,5.38,5.29,17.12,7.78,36,29,1.24,76.15,48.8,124.95,10,60,-0.37
02883,20240126,20260418,20260106,7.34,8.92,21.53,21.53,68,7.17,24.41,0.82,8.04,15.8,32.15,13.75,34,32,1.06,76.82,55.22,132.03,14,60,-4.39
03116,20240126,20260412,20260106,90.16,98.66,9.43,9.43,63,89.9,9.74,1.35,3.04,3.73,9.07,4.12,35,25,1.4,39.09,29.39,68.48,12,60,2.79
03939,20230625,20260418,20260106,8.75,13.0,48.57,48.57,68,7.87,65.18,9.26,42.97,47.54,83.43,45.69,32,34,0.94,170.55,119.75,290.3,17,60,-7.08
01171,20240126,20260418,20260106,10.07,14.39,42.9,42.9,68,9.75,47.59,7.45,10.43,10.33,34.16,14.55,37,30,1.23,92.74,54.31,147.05,11,60,-0.48
01475,20250412,20260418,20260106,6.9,7.35,6.52,6.52,68,6.92,6.21,-0.72,0.72,5.07,8.7,3.33,34,25,1.36,26.53,19.93,46.46,6,60,0.0
80016,20250412,20260418,20260102,85.23,115.8,35.86,35.86,70,85.23,35.86,6.69,15.43,28.98,36.96,22.05,41,26,1.58,78.93,46.45,125.38,17,60,-2.36
02678,20240126,20260418,20260102,4.83,6.74,39.54,39.54,70,4.83,39.54,-0.83,0.62,13.25,21.12,8.22,34,32,1.06,91.09,55.03,146.12,14,60,0.0
01579,20240126,20260418,20260102,12.93,15.6,20.65,20.65,70,12.93,20.65,3.17,7.73,15.08,24.9,12.46,31,37,0.84,89.89,68.16,158.05,15,60,-4.41
01057,20240126,20260418,20251231,4.91,5.72,16.5,16.5,71,4.95,15.56,19.55,18.33,17.31,12.42,17.09,34,35,0.97,126.34,102.62,228.96,3,60,3.62
02865,20250412,20260418,20251229,20.68,32.12,55.32,55.32,73,22.0,46.0,0.19,22.44,76.21,99.52,49.54,33,37,0.89,226.75,158.26,385.01,12,60,7.28
00326,20240126,20260418,20251223,2.33,7.3,213.3,213.3,75,2.95,147.46,12.02,60.52,66.09,80.69,56.53,46,23,2.0,208.66,84.51,293.17,23,60,10.61
01888,20240126,20260418,20251222,12.22,28.26,131.26,131.26,76,13.44,110.27,9.33,7.2,18.17,22.59,14.0,42,33,1.27,172.12,81.13,253.25,16,60,15.07
00148,20230625,20260418,20251222,26.7,41.18,54.23,54.23,76,29.58,39.22,9.89,8.61,16.48,18.35,13.18,42,33,1.27,114.47,67.6,182.07,15,60,3.42
00411,20230625,20260418,20251222,11.25,12.6,12.0,12.0,76,11.1,13.51,-1.33,0.89,13.33,10.49,6.1,19,15,1.27,28.44,16.57,45.01,6,60,-0.79
02039,20240126,20260418,20251219,8.88,10.7,20.5,20.5,77,9.34,14.56,1.24,2.93,1.91,12.39,4.18,33,40,0.82,105.67,82.07,187.75,11,60,0.94
03988,20240126,20260418,20251218,4.38,5.11,16.67,16.67,78,4.53,12.8,1.14,1.83,2.51,5.48,2.63,41,27,1.52,38.66,22.81,61.46,10,60,1.39
02315,20250412,20260418,20251218,26.0,58.55,125.19,125.19,78,34.74,68.54,34.92,37.69,52.77,61.38,46.4,38,39,0.97,210.76,116.68,327.44,8,60,2.72
03070,20240126,20260412,20251217,37.04,41.74,12.7,12.7,74,38.42,8.64,1.58,3.74,3.14,7.63,3.91,45,25,1.8,32.67,20.35,53.02,10,60,1.07
82331,20250412,20260418,20251212,15.98,18.27,14.33,14.33,82,16.63,9.86,8.26,6.45,6.63,13.08,8.19,38,40,0.95,80.81,65.16,145.97,14,60,-5.92
01038,20240126,20260418,20251211,52.8,64.6,22.35,22.35,83,57.1,13.13,4.17,10.89,14.77,19.6,12.45,46,35,1.31,63.04,41.74,104.78,23,60,-1.37
02331,20240126,20260418,20251210,17.49,20.98,19.95,19.95,84,18.56,13.04,4.57,10.01,12.24,21.67,11.92,40,42,0.95,90.22,69.51,159.73,16,60,-5.58
06869,20230625,20260418,20251208,36.34,206.0,466.87,466.87,86,52.4,293.13,30.16,42.41,44.06,45.02,40.98,48,37,1.3,371.52,171.19,542.7,22,60,-4.1
09881,20250412,20260418,20251128,12.89,17.7,37.32,37.32,82,15.98,10.76,-1.47,-0.7,26.07,49.03,17.12,42,35,1.2,143.53,103.5,247.03,12,60,-11.5
00631,20240126,20260418,20251128,7.27,11.54,58.73,58.73,92,8.66,33.26,4.54,8.39,15.82,26.0,13.37,49,40,1.23,139.25,87.97,227.22,30,60,-8.19
00113,20240126,20260418,20251128,5.34,6.3,17.98,17.98,92,5.58,12.9,5.62,3.56,6.74,3.37,4.89,46,37,1.24,49.46,32.08,81.54,9,60,2.11
09638,20250412,20260418,20251127,24.96,39.6,58.65,58.65,93,27.72,42.86,4.25,4.25,8.65,20.19,8.76,33,26,1.27,105.05,54.49,159.54,14,60,-2.22
03199,20240126,20260412,20251111,113.67,120.0,5.57,5.57,100,115.9,3.54,0.44,-0.04,0.26,0.83,0.32,52,34,1.53,14.79,9.31,24.1,25,60,0.84
02057,20250412,20260418,20251110,145.64,194.7,33.68,33.68,106,163.64,18.98,-2.13,0.07,13.8,12.36,6.21,54,48,1.12,89.96,59.12,149.08,24,60,0.1
00290,20240126,20260418,20251110,1.78,6.58,269.66,269.66,106,2.65,148.3,10.11,20.79,28.65,43.26,25.51,69,34,2.03,235.84,94.67,330.51,30,60,-3.52
00878,20230625,20260418,20251107,6.08,7.17,17.93,17.93,107,6.3,13.81,1.97,2.96,2.3,1.97,2.37,50,46,1.09,51.12,33.9,85.02,11,60,4.52
01570,20240126,20260418,20251107,1.62,7.6,369.14,369.14,107,5.13,48.15,-4.32,-1.85,38.89,233.33,56.91,52,43,1.21,385.62,175.04,560.66,18,60,-0.65
00006,20240126,20260418,20251106,50.65,63.2,24.78,24.78,108,55.15,14.6,1.97,1.48,3.46,5.13,2.9,61,41,1.49,61.23,38.35,99.58,30,60,-2.69
00322,20240126,20260418,20251105,11.86,12.52,5.56,5.56,109,11.71,6.92,1.52,1.94,2.28,-0.93,1.38,55,50,1.1,79.32,71.87,151.19,16,60,-5.37
00115,20240126,20260418,20251031,3.2,8.48,165.0,165.0,112,7.5,13.07,18.75,37.5,93.75,156.25,74.38,40,42,0.95,136.99,34.93,171.93,27,60,-5.36
00288,20240126,20260418,20251031,7.46,10.54,41.29,41.29,112,8.7,21.15,6.7,14.48,9.52,17.02,11.94,60,50,1.2,93.26,56.92,150.18,25,60,-1.22
02338,20240126,20260418,20251030,15.36,31.5,105.08,105.08,113,18.98,65.96,16.15,28.52,23.76,29.17,24.75,62,49,1.27,195.63,116.04,311.67,19,60,-3.61
02829,20240126,20260412,20251027,58.8,62.28,5.92,5.92,110,60.16,3.52,0.27,0.2,0.57,0.96,0.48,58,31,1.87,11.17,5.39,16.56,23,60,0.84
01712,20250412,20260418,20251021,8.09,8.93,10.38,10.38,119,6.76,32.1,-17.18,-22.87,-23.49,-17.18,-20.78,60,56,1.07,241.42,211.15,452.58,9,60,-3.56
01398,20240126,20260418,20251020,5.75,7.03,22.18,22.18,120,6.34,10.88,2.78,4.52,10.43,9.56,6.95,71,43,1.65,65.57,44.68,110.25,14,60,0.72
03928,20250412,20260418,20251020,4.73,17.3,265.75,265.75,120,8.66,99.77,4.44,6.13,111.42,83.93,52.94,68,48,1.42,289.19,141.52,430.71,23,60,-6.49
00066,20240126,20260418,20251015,26.94,34.04,26.35,26.35,123,30.24,12.57,1.41,3.49,13.07,15.37,8.32,70,49,1.43,76.11,51.49,127.6,28,60,3.47
06288,20240126,20260412,20251014,25.58,36.78,43.78,43.78,119,27.6,33.26,3.28,7.97,12.59,5.55,7.93,56,47,1.19,113.3,73.33,186.63,15,60,18.72
00995,20230625,20260418,20251014,12.22,15.43,26.27,26.27,124,12.77,20.83,1.15,-1.06,11.62,14.48,6.29,70,51,1.37,96.98,71.72,168.7,15,60,3.14
00002,20200331,20260418,20251009,63.61,74.15,16.57,16.57,127,68.59,8.11,0.79,0.39,3.07,4.79,2.15,74,47,1.57,44.19,28.51,72.7,37,60,-1.46
82388,20250412,20260418,20251006,33.28,38.14,14.62,14.62,129,35.9,6.24,0.3,-0.06,5.53,6.09,2.92,71,55,1.29,69.77,55.14,124.91,14,60,0.53
09936,20250412,20260418,20251006,6.41,15.23,137.6,137.6,129,6.1,149.67,-1.72,-4.68,6.4,7.96,1.76,59,67,0.88,311.32,203.53,514.84,19,60,-5.17
01179,20250412,20260418,20251006,29.54,43.14,46.04,46.04,129,37.28,15.72,-0.81,1.02,6.5,15.44,5.18,74,50,1.48,120.55,80.17,200.73,17,60,5.58
08603,20250412,20260418,20251006,2.24,6.0,167.86,167.86,129,5.46,9.89,-3.13,-0.45,-0.89,36.16,6.2,73,53,1.38,240.55,131.43,371.98,16,60,-0.83
01286,20250412,20260418,20251006,4.44,9.34,110.36,110.36,129,4.98,87.55,-3.6,-5.63,9.91,17.79,4.12,59,66,0.89,249.2,163.49,412.69,19,60,1.3
02436,20250412,20260418,20251006,4.5,13.2,193.33,193.33,129,4.6,186.96,-9.78,-9.33,-10.0,-10.0,-9.75,36,30,1.2,216.19,82.24,298.43,3,60,2.33
80883,20250412,20260418,20251006,17.24,23.5,36.31,36.31,129,19.5,20.51,0.17,1.16,8.99,15.2,6.12,66,61,1.08,127.88,93.8,221.69,17,60,1.12
01772,20250412,20260418,20251006,47.38,81.85,72.75,72.75,129,54.1,51.29,4.22,-9.33,0.25,23.47,2.81,65,63,1.03,258.71,190.75,449.46,22,60,2.57
02361,20250412,20260418,20251006,3.7,5.09,37.57,37.57,129,5.5,-7.45,5.41,12.16,4.32,21.08,10.24,59,48,1.23,107.26,72.71,179.97,30,60,0.99
00489,20240126,20260412,20250717,4.15,9.54,129.88,129.88,150,8.82,8.16,19.52,16.87,118.31,115.9,67.64,71,71,1.0,175.26,78.09,253.35,8,60,1.06
03899,20240126,20260418,20250711,6.42,10.54,64.17,64.17,189,9.56,10.25,0.78,7.79,4.05,3.74,4.46,106,78,1.36,197.1,141.9,339.0,32,60,0.57
00522,20240126,20260418,20250711,60.09,138.1,129.82,129.82,189,81.2,70.07,3.74,16.39,15.14,9.92,12.19,100,88,1.14,276.86,184.32,461.18,32,60,17.33
01310,20240126,20260418,20250703,4.82,8.06,67.19,67.19,195,6.25,28.96,0.0,0.0,-0.21,1.04,0.15,85,81,1.05,212.39,134.27,346.65,17,60,-1.59
01138,20240126,20260418,20250702,6.42,18.03,180.84,180.84,196,9.67,86.45,-0.31,0.93,3.43,4.83,2.21,96,94,1.02,317.22,201.17,518.39,34,60,-3.43
02809,20240126,20260412,20250630,74.98,113.9,51.91,51.91,192,100.8,13.0,1.25,4.53,4.88,4.8,4.03,102,86,1.19,146.04,101.44,247.48,46,60,0.66
03147,20230625,20260412,20250624,7.9,13.79,74.56,74.56,196,12.69,8.67,4.62,6.01,11.77,13.04,8.87,103,90,1.14,186.95,127.15,314.1,44,60,6.9
03393,20230625,20260418,20250623,7.49,33.12,342.19,342.19,202,17.98,84.2,10.28,15.75,26.7,15.62,17.92,114,85,1.34,340.1,179.24,519.34,49,60,7.53
00659,20240126,20260418,20250620,6.16,8.1,31.58,31.58,203,7.2,12.5,1.19,0.0,2.23,4.0,1.71,96,86,1.12,98.69,69.84,168.53,29,60,-0.86
03808,20240126,20260418,20250617,20.41,41.26,102.16,102.16,206,27.74,48.74,4.41,5.88,8.82,17.15,8.72,104,96,1.08,249.06,170.85,419.91,36,60,-13.03
00883,20240126,20260418,20250603,16.73,26.98,61.27,61.27,216,21.86,23.42,2.39,7.17,1.55,6.46,4.39,116,98,1.18,169.06,117.94,287.0,32,60,1.28
00289,20240126,20260418,20250527,13.04,15.07,15.57,15.57,221,13.8,9.2,-11.66,-11.5,-11.12,-9.74,-11.07,104,80,1.3,97.77,81.35,179.11,18,60,4.65
02038,20240126,20260418,20250523,10.3,22.08,114.37,114.37,223,19.35,14.11,-7.28,-11.26,-3.01,0.78,-5.58,116,103,1.13,271.56,186.76,458.32,28,60,0.55
01088,20240126,20260418,20250514,28.78,45.98,59.78,59.78,230,39.66,15.94,1.56,3.3,6.08,6.6,4.45,116,107,1.08,173.2,123.01,296.22,40,60,1.28
03132,20240126,20260412,20250512,23.04,46.86,103.39,103.39,227,38.16,22.8,5.21,3.39,8.77,12.76,7.24,126,96,1.31,220.63,144.04,364.67,47,60,10.52
03076,20240126,20260412,20250512,7.14,13.31,86.41,86.41,227,9.54,39.59,2.66,2.38,2.45,6.93,3.37,128,83,1.54,185.62,119.26,304.88,52,60,8.74
03036,20240126,20260412,20250509,523.8,866.0,65.33,65.33,228,713.0,21.46,3.89,4.28,5.15,8.82,5.37,101,66,1.53,136.43,83.5,219.94,52,60,8.2
03074,20240126,20260412,20250508,208.54,346.0,65.91,65.91,229,287.9,20.18,5.81,6.52,6.09,11.63,7.27,131,96,1.36,166.82,113.12,279.94,53,60,6.96
09074,20240126,20260412,20250508,26.83,44.18,64.68,64.68,229,36.94,19.6,5.39,5.68,5.03,10.57,6.41,136,90,1.51,160.05,107.23,267.28,53,60,7.13
03160,20240126,20260412,20250508,20.59,29.46,43.11,43.11,229,26.8,9.93,1.45,0.97,3.28,4.15,2.4,126,95,1.33,123.47,85.73,209.2,40,60,1.66
00440,20230625,20260418,20250507,26.01,41.9,61.09,61.09,235,35.6,17.7,1.73,3.46,4.42,7.8,4.27,117,109,1.07,145.26,94.93,240.19,22,60,-0.29
02803,20240126,20260412,20250507,8.18,10.25,25.24,25.24,230,9.8,4.59,3.13,4.13,4.67,6.07,4.48,107,63,1.7,67.58,44.46,112.04,43,60,0.79
03021,20200331,20260412,20250506,7.09,9.33,31.52,31.52,131,0.0,0.0,3.37,5.64,3.24,11.34,5.61,60,39,1.54,59.55,31.53,91.08,34,60,-1.39
01113,20240126,20260418,20250506,30.66,46.84,52.77,52.77,236,40.3,16.23,3.91,1.14,4.4,8.81,4.21,132,97,1.36,150.02,105.42,255.44,44,60,-1.84
00016,20240126,20260418,20250506,71.47,133.0,86.09,86.09,236,95.62,39.09,8.47,7.91,10.91,16.72,10.68,132,100,1.32,199.62,133.38,333.01,47,60,-2.06
03119,20240126,20260412,20250502,59.9,120.6,101.34,101.34,232,98.16,22.86,1.24,4.61,4.04,7.71,4.38,139,91,1.53,216.72,141.06,357.78,55,60,9.29
03145,20240126,20260412,20250430,10.97,14.71,34.08,34.08,233,13.61,8.07,3.33,6.64,9.45,12.6,8.01,125,84,1.49,93.78,63.49,157.27,49,60,-0.47
00857,20240126,20260418,20250430,5.43,10.69,97.01,97.01,238,8.52,25.47,1.11,5.9,12.9,24.51,10.76,131,96,1.36,180.82,109.92,290.74,36,60,-2.55
03122,20240126,20260412,20250429,178.3,193.5,8.52,8.52,234,187.55,3.17,0.56,1.4,2.19,2.33,1.66,70,22,3.18,11.97,3.77,15.74,48,60,1.02
00257,20240126,20260418,20250428,3.41,5.39,58.06,58.06,240,4.84,11.36,-0.29,-0.29,4.99,6.45,2.64,120,98,1.22,173.19,124.04,297.24,48,60,-1.64
02356,20230625,20260418,20250425,7.38,12.64,71.27,71.27,241,10.83,16.71,5.28,6.91,8.54,9.35,7.56,128,106,1.21,177.64,120.43,298.07,23,60,-0.39
00083,20240126,20260418,20250425,7.24,11.76,62.43,62.43,241,10.25,14.73,1.66,5.11,2.76,4.56,3.6,139,97,1.43,152.13,101.25,253.37,55,60,1.12
00071,20240126,20260418,20250424,8.57,10.7,24.85,24.85,242,10.31,3.78,-0.35,8.63,6.42,9.92,6.43,116,107,1.08,92.25,68.94,161.19,17,60,-1.65
01866,20240126,20260418,20250423,3.88,11.88,205.79,205.79,243,9.16,29.69,0.0,7.98,6.18,13.13,6.87,132,104,1.27,314.77,193.12,507.89,39,60,7.61
00751,20240126,20260418,20250422,2.92,6.32,116.44,116.44,232,5.18,22.01,1.03,2.74,4.11,5.14,3.29,98,109,0.9,260.4,165.51,425.91,8,60,0.48
00005,20230625,20260418,20250417,74.94,141.5,88.82,88.82,245,120.78,17.16,6.07,8.47,17.06,16.19,12.11,142,99,1.43,175.22,108.29,283.51,47,60,1.95
00001,20240126,20260418,20250415,39.63,64.05,61.64,61.64,247,54.0,18.61,4.16,4.92,8.58,9.62,6.81,138,96,1.44,162.24,111.48,273.72,29,60,1.03
03110,20240126,20260412,20250414,22.72,32.92,44.88,44.88,243,30.76,7.02,0.83,2.17,7.5,10.08,5.08,137,92,1.49,99.3,61.31,160.61,54,60,2.88
02623,20240126,20260418,20250414,1.31,5.9,351.42,351.42,232,4.23,39.58,-0.54,-1.84,-1.84,-5.13,-2.24,78,94,0.83,340.97,143.29,484.26,18,60,15.69
01072,20230625,20260418,20250414,9.72,41.72,329.26,329.26,248,25.86,61.33,3.91,5.97,22.64,21.4,13.64,115,125,0.92,457.24,277.32,734.56,40,60,3.68
01558,20230625,20260412,20250410,8.36,14.38,72.01,72.01,74,0.0,0.0,22.97,27.99,38.76,60.05,36.63,38,32,1.19,116.17,57.28,173.46,17,60,-6.99
00011,20240126,20260412,20250410,92.75,154.3,66.36,66.36,189,153.9,0.26,3.02,8.79,16.98,14.93,11.32,102,59,1.73,97.17,42.3,139.48,23,60,0.26
00041,20230625,20260418,20250224,10.32,17.59,70.48,70.48,282,15.1,16.48,2.52,8.14,19.97,12.6,11.46,145,124,1.17,194.12,137.13,331.25,33,60,0.74
01133,20240126,20260418,20250120,2.29,21.32,829.38,829.38,304,17.62,21.0,28.77,23.54,37.49,44.9,33.04,166,130,1.28,616.23,361.15,977.38,77,60,4.31
00820,20240126,20260307,20250120,11.96,13.32,11.37,11.37,34,0.0,0.0,1.0,0.5,7.19,8.7,4.25,21,6,3.5,14.87,4.0,18.87,8,60,2.46
03330,20240126,20260418,20250102,3.02,25.34,738.24,738.24,316,18.88,34.22,6.62,19.85,49.62,62.19,34.6,163,149,1.09,731.24,478.25,1209.49,53,60,-7.52
03155,20240126,20260125,20240920,38.5,46.58,20.99,20.99,40,0.0,0.0,14.44,40.31,23.64,23.95,26.86,16,17,0.94,53.65,32.33,85.98,8,60,-2.72
06837,20240126,20260125,20240905,3.63,6.45,77.83,77.83,79,0.0,0.0,79.76,81.97,93.0,90.52,86.55,38,38,1.0,149.97,62.22,212.19,1,60,-3.15
02388,20230625,20260418,20240809,19.44,43.86,125.61,125.61,413,40.24,9.0,2.31,4.89,10.29,12.45,7.51,220,174,1.26,268.72,182.59,451.31,66,60,0.55
