added_count,avg_cost,entry_date,entry_price,exit_reason,exited,final_gain,highest_price,last_price,shares,ts_code
0,36.89,20251020,36.89,死叉减半,False,2.14,37.68,37.68,50,sh688255
2,16.51,20240927,14.7,死叉减半,False,1.49,19.01,16.76,150,sh600114
0,9.09,20260325,9.09,死叉减半,False,-13.09,9.09,7.9,50,sh600509
0,3.21,20250721,3.21,死叉减半,False,5.92,3.4,3.4,50,sh600293
0,67.07,20260310,67.07,死叉减半,False,-21.23,67.07,52.83,50,sh688648
0,47.34,20260324,47.34,观察期末,False,-0.65,47.34,47.03,100,sh688551
0,1.51,20241231,1.51,死叉减半,False,-1.99,1.56,1.48,50,sh600462
0,10.03,20260324,10.03,死叉减半,False,4.09,10.44,10.44,50,sh600742
6,17.26,20250409,13.04,观察期末,False,9.67,21.91,18.93,700,sh600415
1,9.78,20251219,9.02,死叉减半,False,-3.68,10.44,9.42,150,sh603001
2,13.89,20250226,12.57,观察期末,False,10.39,15.43,15.33,300,sh601717
0,5.55,20251030,5.55,死叉减半,False,-4.68,5.81,5.29,50,sh601789
0,3.07,20251010,3.07,死叉减半,False,4.23,3.34,3.2,50,sh600108
0,6.19,20260324,6.19,死叉减半,False,-1.94,6.49,6.07,50,sh600874
0,28.76,20260317,28.76,死叉减半,False,6.64,31.02,30.67,50,sh688107
1,5.92,20260324,5.57,死叉减半,False,5.99,6.38,6.28,100,sh601068
3,20.11,20251127,16.9,死叉减半,False,-11.24,22.55,17.85,350,sh688560
0,16.02,20260306,16.02,死叉减半,False,-7.3,17.35,14.85,50,sh603182
0,6.7,20260325,6.7,观察期末,False,-9.55,6.95,6.06,100,sh600125
2,5.72,20250519,5.01,死叉减半,False,11.23,6.42,6.36,250,sh600510
1,5.04,20251219,4.77,观察期末,False,-6.26,5.59,4.72,200,sh600320
3,5.64,20250526,4.78,观察期末,False,16.67,6.58,6.58,400,sh600869
1,3.5,20250804,3.26,观察期末,False,8.0,3.89,3.78,200,sh600725
0,21.6,20250408,21.6,死叉减半,False,-6.55,23.72,20.19,50,sh603100
0,28.48,20260312,28.48,死叉减半,False,-6.07,28.48,26.75,50,sh603235
0,47.84,20260316,47.84,死叉减半,False,5.92,51.05,50.67,50,sh603283
0,9.1,20251103,9.1,死叉减半,False,-5.82,9.23,8.57,50,sh605377
1,11.73,20250717,11.15,死叉减半,False,0.34,13.0,11.77,100,sh603567
0,6.1,20260408,6.1,死叉减半,False,6.56,6.5,6.5,50,sh603335
1,7.78,20250514,7.28,死叉减半,False,3.28,8.48,8.03,150,sh600015
6,4.21,20251126,3.16,观察期末,False,-3.77,5.18,4.05,700,sh600868
4,14.31,20260324,11.74,观察期末,False,15.83,17.07,16.58,500,sh600539
0,24.01,20260203,24.01,死叉减半,False,-9.91,25.72,21.63,50,sh603004
4,15.54,20251105,12.17,死叉减半,False,-0.1,17.24,15.52,400,sh600714
0,8.87,20251224,8.87,死叉减半,False,-15.22,9.59,7.52,50,sh688602
1,11.04,20251031,10.38,死叉减半,False,-15.63,11.76,9.31,100,sh600373
0,16.6,20260316,16.6,死叉减半,False,-10.24,16.6,14.9,50,sh600889
0,12.28,20260408,12.28,死叉减半,False,6.6,13.09,13.09,50,sh603328
2,12.06,20250916,10.2,死叉减半,False,-17.83,12.87,9.91,250,sh603366
2,4.04,20250924,3.57,死叉减半,False,-19.55,4.48,3.25,150,sh600708
0,4990.25,20250303,4990.25,死叉减半,False,1.75,5416.81,5077.73,50,sh000819
0,25.58,20260317,25.58,死叉减半,False,-4.69,25.58,24.38,50,sh605277
1,6.61,20251219,6.18,死叉减半,False,0.1,7.29,6.62,150,sh600796
0,5.26,20260324,5.26,死叉减半,False,-8.75,5.48,4.8,50,sh601368
6,17.11,20241224,12.43,死叉减半,False,-5.85,20.23,16.11,650,sh603767
6,5.96,20240830,4.5,观察期末,False,11.86,7.58,6.67,700,sh600192
0,7.01,20260324,7.01,死叉减半,False,-3.71,7.23,6.75,50,sh600116
0,9.43,20260324,9.43,死叉减半,False,0.32,9.81,9.46,50,sh603055
0,9.25,20260407,9.25,观察期末,False,5.84,10.15,9.79,100,sh600241
9,83.57,20250717,55.09,观察期末,False,-3.02,107.7,81.05,1000,sh688629
2,49.05,20251217,44.05,观察期末,False,7.58,56.54,52.77,300,sh688601
7,79.78,20251128,55.13,死叉减半,False,0.71,94.2,80.35,750,sh688282
0,13.58,20250717,13.58,死叉减半,False,-8.69,14.7,12.4,50,sh603578
1,3.02,20251126,2.71,死叉减半,False,5.08,3.17,3.17,150,sh600227
1,23.04,20260311,21.67,观察期末,False,-5.49,25.23,21.77,200,sh601858
0,2577.98,20251009,2577.98,死叉减半,False,-2.72,2701.57,2507.77,50,sh000937
4,14.32,20260304,11.52,观察期末,False,-11.72,16.86,12.64,500,sh605268
1,13.07,20250924,12.41,死叉减半,False,-8.8,13.73,11.92,100,sh600843
0,3.83,20251219,3.83,死叉减半,False,-4.96,4.12,3.64,50,sh600423
0,27.19,20260310,27.19,死叉减半,False,-6.84,27.19,25.33,50,sh603298
0,16.43,20260122,16.43,死叉减半,False,-13.82,16.79,14.16,50,sh603679
0,9.87,20260310,9.87,死叉减半,False,-11.85,9.87,8.7,50,sh600774
0,2.51,20260401,2.51,死叉减半,False,-4.38,2.56,2.4,50,sh600370
4,58.16,20250718,46.38,死叉减半,False,-4.05,65.64,55.8,450,sh605588
1,5.91,20250401,5.47,死叉减半,False,-3.39,6.13,5.71,150,sh600222
1,79.25,20251222,74.5,死叉减半,False,-25.93,84.0,58.7,100,sh688486
1,37.35,20250912,34.3,死叉减半,False,-15.39,40.4,31.6,100,sh605488
0,7.51,20260330,7.51,观察期末,False,-7.06,7.64,6.98,100,sh600127
1,32.82,20251222,30.28,死叉减半,False,1.28,34.72,33.24,150,sh605058
3,7.3,20251125,6.07,死叉减半,False,8.83,7.94,7.94,350,sh600470
1,17.63,20250905,16.72,死叉减半,False,-6.47,18.54,16.49,100,sh603103
0,34.45,20251015,34.45,死叉减半,False,-5.78,35.92,32.46,50,sh688628
6,11.83,20251124,8.9,观察期末,False,-6.17,14.38,11.1,700,sh600838
4,50.37,20251027,40.38,死叉减半,False,-0.54,57.24,50.1,450,sh688719
1,35.99,20251125,33.08,死叉减半,False,1.24,37.45,36.44,150,sh688253
0,6.62,20250829,6.62,死叉减半,False,1.21,6.9,6.7,50,sh600289
1,13.02,20251201,12.31,观察期末,False,0.0,14.12,13.02,200,sh603967
3,28.45,20250717,24.58,观察期末,False,-9.79,32.42,25.66,400,sh600345
3,31.69,20250717,27.04,观察期末,False,-3.47,36.95,30.59,400,sh688283
1,50.83,20260120,48.38,死叉减半,False,-2.64,57.88,49.49,100,sh603737
1,19.58,20250411,18.42,死叉减半,False,-6.1,20.73,18.38,100,sh603078
0,21.39,20250716,21.39,死叉减半,False,-13.74,22.58,18.45,50,sh603533
1,7.24,20250430,6.73,死叉减半,False,-1.06,7.49,7.16,150,sh600359
3,22.5,20250911,18.62,死叉减半,False,13.57,25.55,25.55,300,sh603698
1,2.66,20260407,2.5,观察期末,False,1.32,2.81,2.69,200,sh600527
10,10.28,20250430,6.61,死叉减半,False,-6.38,13.76,9.62,550,sh603900
0,3.23,20251124,3.23,死叉减半,False,-10.53,3.23,2.89,50,sh600622
3,10.41,20250409,8.56,死叉减半,False,-2.46,11.29,10.15,350,sh601890
0,5.36,20260325,5.36,死叉减半,False,-9.14,5.36,4.87,50,sh600168
0,4.15,20260407,4.15,观察期末,False,-7.95,4.15,3.82,100,sh600758
2,39.25,20260305,34.55,死叉减半,False,11.71,44.5,43.85,250,sh688001
1,8.8,20251124,8.36,死叉减半,False,-9.14,9.25,8.0,100,sh601238
0,14.58,20260324,14.58,死叉减半,False,4.12,15.25,15.18,50,sh603070
0,8.15,20260203,8.15,死叉减半,False,-15.95,8.46,6.85,50,sh600651
1,7.93,20260407,7.4,观察期末,False,0.13,8.46,7.94,200,sh601999
0,18.5,20250908,18.5,死叉减半,False,-14.59,18.71,15.8,50,sh600055
0,11.5,20260324,11.5,观察期末,False,2.17,12.39,11.75,100,sh603291
0,8.54,20260324,8.54,死叉减半,False,-5.74,8.89,8.05,50,sh601200
0,10.91,20260129,10.91,死叉减半,False,-12.83,11.32,9.51,50,sh600706
0,14.97,20250915,14.97,死叉减半,False,-1.0,15.06,14.82,50,sh600598
3,6.54,20250411,5.5,死叉减半,False,-10.06,7.33,5.88,200,sh600249
1,26.94,20250801,25.51,观察期末,False,1.8,30.56,27.43,200,sh603344
4,13.75,20240823,10.97,观察期末,False,-12.95,15.7,11.97,500,sh601878
3,7.02,20251105,5.95,死叉减半,False,13.89,8.02,8.0,350,sh603012
0,6975.51,20240905,6975.51,死叉减半,False,6.45,7619.04,7425.25,50,sh000138
0,3.0,20260325,3.0,死叉减半,False,-6.67,3.01,2.8,50,sh601518
0,9.44,20260305,9.44,死叉减半,False,-13.45,9.92,8.17,50,sh688096
2,7.65,20240910,6.81,死叉减半,False,10.66,8.47,8.47,250,sh600919
2,16.84,20250117,15.1,死叉减半,False,-22.88,19.34,12.99,150,sh601231
1,12.5,20260324,11.85,观察期末,False,1.56,13.2,12.7,200,sh601083
1,58.45,20250905,55.66,死叉减半,False,-4.77,65.79,55.66,100,sh603416
0,4674.76,20260310,4674.76,死叉减半,False,1.15,4736.61,4728.67,50,sh000300
0,7.51,20251020,7.51,死叉减半,False,-1.86,8.12,7.37,50,sh600006
1,9.14,20251128,8.57,死叉减半,False,-8.02,9.59,8.41,150,sh600636
2,5.41,20260325,4.78,观察期末,False,8.87,5.95,5.89,300,sh600502
0,4.28,20250926,4.28,死叉减半,False,-3.97,4.38,4.11,50,sh600905
0,8.73,20260306,8.73,死叉减半,False,-8.71,8.84,7.97,50,sh600883
0,73.56,20260130,73.56,死叉减半,False,6.05,78.31,78.01,50,sh688215
0,7.18,20250904,7.18,死叉减半,False,-6.27,7.53,6.73,50,sh600778
1,62.78,20251218,59.35,死叉减半,False,-18.23,70.55,51.33,100,sh688439
2,23.16,20251222,20.41,死叉减半,False,-14.0,26.35,19.92,250,sh688209
0,9.03,20250604,9.03,死叉减半,False,1.15,9.52,9.13,50,sh600461
0,50.93,20260324,50.93,死叉减半,False,-1.75,52.93,50.04,50,sh688297
0,2.77,20251128,2.77,死叉减半,False,-8.66,2.82,2.53,50,sh600533
0,14.97,20260324,14.97,死叉减半,False,4.21,15.6,15.6,50,sh603316
1,6.48,20250430,6.05,死叉减半,False,0.21,6.69,6.49,150,sh600354
2,14.68,20250624,13.31,观察期末,False,-1.2,16.0,14.5,300,sh600633
0,3.99,20251104,3.99,死叉减半,False,-5.26,4.14,3.78,50,sh600928
6,19.64,20250707,14.77,观察期末,False,7.92,23.96,21.2,700,sh600962
0,35.66,20250227,35.66,死叉减半,False,5.3,37.55,37.55,50,sh600298
0,21.08,20250930,21.08,死叉减半,False,-12.14,21.54,18.52,50,sh600079
0,12.8,20250724,12.8,死叉减半,False,-4.61,13.22,12.21,50,sh603768
4,9.66,20250410,7.94,观察期末,False,4.29,11.5,10.07,500,sh603811
3,7.58,20251222,6.48,再跌10%清仓,True,-17.73,8.72,6.24,100,sh600755
1,18.7,20251224,17.72,死叉减半,False,-13.87,19.69,16.11,100,sh603112
0,149.59,20250916,149.59,死叉减半,False,-4.95,162.42,142.19,50,sh688047
0,5.73,20260325,5.73,死叉减半,False,-6.11,5.73,5.38,50,sh688009
0,3.42,20241227,3.42,死叉减半,False,-17.25,3.42,2.83,50,sh601333
1,3247.72,20250529,3090.87,观察期末,False,8.64,3528.4,3528.4,200,sh000159
1,10.84,20251201,10.18,观察期末,False,10.0,11.93,11.93,200,sh603577
0,80.03,20260310,80.03,死叉减半,False,-9.93,80.03,72.08,50,sh688789
0,41.49,20260105,41.49,死叉减半,False,-10.22,42.24,37.25,50,sh603014
2,43.14,20250801,38.59,死叉减半,False,0.16,46.84,43.21,150,sh605286
0,5.82,20260408,5.82,观察期末,False,6.36,6.19,6.19,100,sh601002
0,2.95,20251126,2.95,死叉减半,False,-12.88,3.01,2.57,50,sh600252
0,22.06,20260310,22.06,死叉减半,False,-8.61,22.25,20.16,50,sh600031
1,11.04,20250221,10.35,死叉减半,False,2.51,11.44,11.32,150,sh601928
0,13.54,20260202,13.54,死叉减半,False,-27.47,13.89,9.82,50,sh603697
0,40.57,20251015,40.57,死叉减半,False,-3.93,40.57,38.98,50,sh603197
1,12.47,20260401,11.68,死叉减半,False,3.56,12.91,12.91,150,sh603010
2,9.44,20240826,8.34,观察期末,False,3.78,10.12,9.8,300,sh600352
1,65.4,20250905,61.4,死叉减半,False,-14.29,69.39,56.05,100,sh600363
0,3.44,20260310,3.44,死叉减半,False,-14.53,3.44,2.94,50,sh600807
3,19.88,20260130,17.03,观察期末,False,10.99,23.34,22.06,400,sh603042
1,2.88,20260324,2.71,观察期末,False,-5.72,3.06,2.72,200,sh601866
2,6.0,20251128,5.39,死叉减半,False,4.67,6.58,6.28,150,sh600163
5,58.59,20250721,43.73,死叉减半,False,-7.64,68.86,54.12,550,sh688116
1,10.17,20250603,9.65,观察期末,False,6.78,11.56,10.86,200,sh600128
0,12.05,20250325,12.05,死叉减半,False,-12.03,12.13,10.6,50,sh601233
2,9.51,20250408,8.46,观察期末,False,13.1,10.75,10.75,300,sh600267
5,73.34,20250707,57.16,观察期末,False,8.99,88.0,79.93,600,sh603822
0,64.7,20260310,64.7,死叉减半,False,-11.05,64.7,57.55,50,sh688788
7,11.5,20250421,8.31,观察期末,False,21.0,14.8,13.92,800,sh600353
0,6121.5,20250303,6121.5,死叉减半,False,1.61,6639.66,6220.29,50,sh000811
0,14.61,20260324,14.61,死叉减半,False,-11.57,15.3,12.92,50,sh600505
0,29.85,20251106,29.85,死叉减半,False,-3.18,31.72,28.9,50,sh603393
0,30.17,20260306,30.17,死叉减半,False,-7.95,30.96,27.77,50,sh688217
0,29.13,20260327,29.13,死叉减半,False,-4.43,29.13,27.84,50,sh605028
3,18.15,20251126,15.35,观察期末,False,11.25,21.25,20.19,400,sh600955
0,18.61,20250218,18.61,死叉减半,False,-5.37,19.06,17.61,50,sh600803
1,8.29,20251128,7.69,死叉减半,False,-9.89,9.11,7.47,100,sh600628
1,9.88,20250805,9.13,死叉减半,False,-5.61,10.87,9.33,100,sh600865
1,6.54,20251029,5.82,死叉减半,False,5.5,6.9,6.9,150,sh688223
0,4.88,20251219,4.88,死叉减半,False,-5.53,5.2,4.61,50,sh603797
0,10.53,20250904,10.53,死叉减半,False,-7.6,10.91,9.73,50,sh600153
1,6.0,20260212,5.67,死叉减半,False,-12.41,6.34,5.26,100,sh600960
0,6.46,20250805,6.46,死叉减半,False,-11.15,6.47,5.74,50,sh601006
1,15.09,20260206,14.37,死叉减半,False,-2.58,15.81,14.7,100,sh600884
0,5.36,20251128,5.36,死叉减半,False,-4.48,5.43,5.12,50,sh600854
3,90.73,20260324,76.99,观察期末,False,6.73,100.5,96.84,400,sh688359
0,59.46,20260309,59.46,死叉减半,False,-14.45,60.8,50.87,50,sh688023
2,6.59,20250408,5.97,观察期末,False,9.31,7.22,7.2,300,sh600731
0,23.67,20251015,23.67,死叉减半,False,-6.84,23.67,22.05,50,sh605319
0,20.02,20260325,20.02,观察期末,False,4.1,21.32,20.84,100,sh605005
0,3.54,20250401,3.54,死叉减半,False,-9.04,3.54,3.22,50,sh600984
2,18.79,20251125,16.66,死叉减半,False,13.93,21.41,21.41,250,sh600367
2,3.44,20250410,3.12,观察期末,False,7.46,3.76,3.7,300,sz002132
2,29.93,20251219,25.83,死叉减半,False,-16.96,33.0,24.85,250,sz001368
1,5.79,20251222,5.39,死叉减半,False,-9.15,6.17,5.26,150,sz002678
1,11.87,20250905,11.0,死叉减半,False,-10.53,12.92,10.62,100,sz300715
0,9.04,20260129,9.04,死叉减半,False,-9.51,9.06,8.18,50,sz002561
0,8921.93,20260129,8921.93,死叉减半,False,-2.07,8944.4,8737.48,50,sz399403
0,4.05,20260415,4.05,观察期末,False,-4.2,4.05,3.88,100,sz002060
1,4.54,20251010,4.21,再跌10%清仓,True,-9.4,4.7,4.11,100,sz000573
0,11.23,20260225,11.23,死叉减半,False,-10.51,11.33,10.05,50,sz002905
2,8.07,20251219,7.23,再跌10%清仓,True,-21.35,8.69,6.35,100,sz300076
4,6.91,20251128,5.69,观察期末,False,7.01,8.22,7.39,500,sz002585
0,7.54,20260324,7.54,观察期末,False,3.98,7.9,7.84,100,sz002198
0,2.89,20250808,2.89,死叉减半,False,3.81,3.0,3.0,50,sz000008
2,14.01,20250513,12.64,死叉减半,False,-8.87,15.45,12.77,150,sz002867
4,17.76,20250901,13.62,死叉减半,False,-10.24,20.32,15.94,250,sz300092
0,15.61,20260408,15.61,观察期末,False,1.09,16.03,15.78,100,sz000020
0,34.22,20260324,34.22,死叉减半,False,-5.93,34.36,32.19,50,sz301388
2,21.2,20250905,19.14,死叉减半,False,-10.8,24.05,18.91,150,sz301016
0,14.01,20260311,14.01,死叉减半,False,-16.35,14.01,11.72,50,sz001217
1,9.34,20260119,8.85,死叉减半,False,-13.17,9.89,8.11,100,sz002799
1,8.54,20250409,8.13,死叉减半,False,-8.31,9.2,7.83,100,sz002707
2,26.97,20251225,23.86,死叉减半,False,-5.04,29.02,25.61,250,sz300988
2,5.99,20250331,5.25,死叉减半,False,-4.38,6.42,5.73,150,sz000715
0,10.77,20260310,10.77,死叉减半,False,-9.01,10.77,9.8,50,sz000576
1,30.84,20250114,29.23,死叉减半,False,-12.68,33.1,26.93,100,sz300596
6,3.73,20250929,2.77,观察期末,False,9.07,4.5,4.07,700,sz000797
0,29.28,20251020,29.28,死叉减半,False,1.16,31.98,29.62,50,sz301222
0,4.75,20250408,4.75,死叉减半,False,0.82,5.03,4.79,50,sz300021
5,54.55,20260129,41.74,观察期末,False,-2.93,66.4,52.95,600,sz300991
0,6.2,20251125,6.2,死叉减半,False,-23.71,6.2,4.73,50,sz300173
4,9.78,20240924,7.8,观察期末,False,-3.38,11.18,9.45,500,sz002661
1,19.94,20251009,17.9,死叉减半,False,-11.13,20.96,17.72,150,sz000025
0,20.48,20260109,20.48,死叉减半,False,-16.46,21.75,17.11,50,sz002862
0,16.72,20241224,16.72,死叉减半,False,-4.78,16.81,15.92,50,sz300538
1,13.0,20251217,12.38,死叉减半,False,-14.85,14.35,11.07,100,sz301126
0,67.77,20250304,67.77,死叉减半,False,-5.52,71.49,64.03,50,sz002049
2,19.05,20251124,17.1,观察期末,False,3.57,21.11,19.73,300,sz300424
1,9.07,20250408,8.63,观察期末,False,10.13,10.24,9.99,200,sz002852
0,9.78,20260305,9.78,死叉减半,False,-11.66,9.9,8.64,50,sz300193
0,10.34,20251010,10.34,死叉减半,False,-7.45,10.91,9.57,50,sz300320
0,4.67,20260324,4.67,死叉减半,False,-9.85,4.72,4.21,50,sz300510
1,12.94,20250205,12.21,死叉减半,False,-6.46,13.95,12.1,100,sz300615
1,8.4,20260327,7.79,观察期末,False,7.26,9.01,9.01,200,sz301090
0,19.29,20260325,19.29,死叉减半,False,-14.67,19.58,16.46,50,sz300772
0,25.44,20260310,25.44,死叉减半,False,-6.49,25.44,23.79,50,sz300971
9,69.82,20250811,46.35,观察期末,False,20.33,91.0,84.01,1000,sz300014
0,5.11,20250421,5.11,观察期末,False,5.09,5.56,5.37,100,sz002479
0,31.0,20260306,31.0,死叉减半,False,-11.77,31.81,27.35,50,sz301212
0,17.89,20250916,17.89,死叉减半,False,-4.75,18.8,17.04,50,sz300989
0,28.09,20250304,28.09,死叉减半,False,-22.86,28.79,21.67,50,sz002180
1,6.01,20251124,5.58,死叉减半,False,0.55,6.36,6.04,150,sz002333
0,4.13,20260413,4.13,观察期末,False,-1.45,4.19,4.07,100,sz000010
0,29.22,20250905,29.22,死叉减半,False,-6.67,31.48,27.27,50,sz002819
0,34.9,20260310,34.9,死叉减半,False,-7.48,35.33,32.29,50,sz301195
0,17.37,20260324,17.37,观察期末,False,4.49,18.51,18.15,100,sz002805
2,27.31,20251021,24.25,观察期末,False,2.61,30.4,28.02,300,sz300812
2,3.63,20250411,3.25,观察期末,False,10.09,4.2,4.0,300,sz300020
1,17.87,20250429,16.26,死叉减半,False,-0.93,18.67,17.7,150,sz002732
0,2647.32,20260310,2647.32,观察期末,False,0.33,2678.85,2656.14,100,sz399650
3,79.35,20260320,67.43,观察期末,False,4.24,88.28,82.71,400,sz002460
1,6.06,20251224,5.66,死叉减半,False,-9.57,6.39,5.48,150,sz300172
0,1705.79,20250908,1705.79,死叉减半,False,-1.4,1778.05,1681.96,50,sz399433
2,38.36,20260324,34.17,观察期末,False,11.08,42.61,42.61,300,sz301295
0,8.36,20260324,8.36,死叉减半,False,-3.47,9.11,8.07,50,sz000543
3,8.48,20250903,7.1,死叉减半,False,-2.09,9.55,8.3,350,sz000859
0,7682.34,20260310,7682.34,死叉减半,False,0.33,7731.68,7707.55,50,sz399553
0,19.9,20260408,19.9,死叉减半,False,1.51,20.2,20.2,50,sz001324
4,21.63,20250107,16.99,再跌10%清仓,True,-26.81,24.96,15.83,100,sz300491
9,12.11,20240806,7.82,死叉减半,False,21.35,15.45,14.69,950,sz002457
11,141.31,20250704,86.49,死叉减半,False,21.93,182.0,172.3,1150,sz001309
0,22.63,20250408,22.63,死叉减半,False,3.63,24.78,23.45,50,sz002318
1,23.47,20250703,21.9,死叉减半,False,0.14,24.99,23.5,150,sz002001
0,12.28,20260129,12.28,死叉减半,False,-14.82,12.35,10.46,50,sz002186
0,4.51,20260324,4.51,观察期末,False,0.89,4.65,4.55,100,sz000088
1,4.72,20260306,4.48,死叉减半,False,-12.29,4.96,4.14,100,sz300190
0,2.77,20260407,2.77,观察期末,False,-7.22,2.83,2.57,100,sz002431
0,7.01,20260305,7.01,死叉减半,False,-6.7,7.2,6.54,50,sz002587
1,3.4,20251128,3.17,死叉减半,False,-0.1,3.52,3.4,150,sz000545
1,5.05,20250623,4.74,观察期末,False,5.35,5.39,5.32,200,sz002666
0,35.3,20260310,35.3,死叉减半,False,-7.48,35.3,32.66,50,sz002933
0,20.6,20250903,20.6,死叉减半,False,-7.91,20.6,18.97,50,sz300668
1,14.0,20260324,13.21,观察期末,False,7.07,14.99,14.99,200,sz000695
0,4.96,20251219,4.96,死叉减半,False,-4.23,5.3,4.75,50,sz002687
0,5.15,20251219,5.15,死叉减半,False,-10.49,5.57,4.61,50,sz002330
4,25.06,20250331,20.01,死叉减半,False,11.5,28.85,27.94,450,sz002657
6,10.5,20250410,7.83,观察期末,False,13.02,12.81,11.87,700,sz002286
3,18.52,20251124,15.9,观察期末,False,12.43,21.21,20.82,400,sz002552
6,3.22,20250724,2.35,死叉减半,False,-1.98,3.89,3.16,650,sz002256
1,13.02,20260324,12.38,观察期末,False,5.57,13.75,13.75,200,sz001338
0,10974.1,20260310,10974.1,死叉减半,False,-1.19,11009.15,10843.76,50,sz399352
3,4.94,20250506,4.11,观察期末,False,0.05,5.47,4.94,400,sz300189
0,9.69,20251128,9.69,死叉减半,False,-7.43,9.82,8.97,50,sz002719
1,32.96,20250721,30.85,死叉减半,False,-3.2,34.02,31.91,150,sz002978
0,21.24,20260310,21.24,死叉减半,False,-3.72,21.24,20.45,50,sz001209
0,8274.19,20260305,8274.19,观察期末,False,0.13,8350.94,8284.81,100,sz399552
0,17.77,20260305,17.77,观察期末,False,6.19,19.0,18.87,100,sz002884
3,8.18,20251031,6.76,死叉减半,False,0.24,9.23,8.2,350,sz000017
0,6.71,20260401,6.71,死叉减半,False,-4.02,6.71,6.44,50,sz002063
0,58.15,20260128,58.15,死叉减半,False,-19.74,60.49,46.67,50,sz300910
0,7.53,20250508,7.53,死叉减半,False,-14.48,7.53,6.44,50,sz002187
2,22.23,20251231,20.0,死叉减半,False,-9.0,25.1,20.23,150,sz300540
2,18.01,20260105,15.8,再跌10%清仓,True,-19.45,19.12,14.51,100,sz002462
0,7.97,20260325,7.97,死叉减半,False,-9.41,7.97,7.22,50,sz002366
0,41.51,20250724,41.51,死叉减半,False,-4.2,44.78,39.77,50,sz301297
14,101.91,20251024,56.52,死叉减半,False,37.13,139.75,139.75,1450,sz301611
5,5.36,20240829,4.02,观察期末,False,9.41,6.18,5.87,600,sz300241
2,44.19,20251125,38.68,观察期末,False,-6.5,46.95,41.32,300,sz301138
0,9.5,20260306,9.5,死叉减半,False,-9.79,9.51,8.57,50,sz002234
2,188.07,20260203,162.0,死叉减半,False,6.14,205.59,199.61,200,sz002850
1,14.3,20251219,13.19,死叉减半,False,-9.48,15.4,12.94,100,sz003003
3,10.87,20250506,9.31,观察期末,False,15.2,12.52,12.52,400,sz300517
0,13.15,20260316,13.15,死叉减半,False,-7.91,13.15,12.11,50,sz002152
3,25.86,20260202,21.26,死叉减半,False,6.24,28.75,27.48,300,sz301197
2,10.28,20250409,8.78,死叉减半,False,-1.04,10.65,10.17,250,sz300440
2,14.08,20251224,12.71,死叉减半,False,-13.92,16.25,12.12,150,sz000821
6,22.6,20251117,16.31,死叉减半,False,-9.37,26.9,20.48,350,sz300589
2,6.22,20250410,5.47,死叉减半,False,9.52,6.96,6.81,250,sz002300
2,4.37,20250408,3.95,观察期末,False,10.15,4.86,4.81,300,sz002807
3,9.88,20251219,8.48,再跌10%清仓,True,-20.51,11.34,7.85,100,sz002363
0,5.65,20260128,5.65,死叉减半,False,-13.81,6.12,4.87,50,sz300375
0,4.02,20251009,4.02,死叉减半,False,-3.23,4.25,3.89,50,sz002535
0,13.69,20251219,13.69,死叉减半,False,-10.23,14.76,12.29,50,sz300417
1,77.93,20260310,69.76,死叉减半,False,6.58,83.06,83.06,150,sz301219
0,29.4,20250411,29.4,死叉减半,False,-3.67,30.55,28.32,50,sz300054
0,7.91,20260306,7.91,死叉减半,False,1.26,8.05,8.01,50,sz300103
6,10.74,20250414,7.92,死叉减半,False,3.27,13.09,11.09,650,sz002639
0,7.87,20251021,7.87,死叉减半,False,-0.13,8.11,7.86,50,sz300232
0,20.75,20251223,20.75,死叉减半,False,-10.07,21.9,18.66,50,sz002888
0,7.65,20250408,7.65,观察期末,False,5.44,8.4,8.07,100,sz002772
0,6.33,20250805,6.33,死叉减半,False,2.53,6.83,6.49,50,sz000928
6,29.61,20251031,21.6,死叉减半,False,-5.41,35.11,28.01,650,sz000681
3,47.36,20251127,41.03,观察期末,False,-5.46,56.7,44.77,400,sz001335
0,53.33,20250908,53.33,死叉减半,False,-26.48,56.03,39.21,50,sz301000
0,5.62,20251219,5.62,死叉减半,False,-3.91,5.86,5.4,50,sz000548
0,119.03,20260401,119.03,观察期末,False,-2.13,128.05,116.5,100,sz300436
2,12.16,20251205,10.78,死叉减半,False,-11.13,13.52,10.81,250,sz002373
0,7.92,20251219,7.92,死叉减半,False,-1.23,8.54,7.82,50,sz002817
0,45.81,20251009,45.81,死叉减半,False,-11.94,47.16,40.34,50,sz300957
0,4.45,20251219,4.45,死叉减半,False,-13.03,4.69,3.87,50,sz002110
0,7.37,20251218,7.37,死叉减半,False,-5.02,8.03,7.0,50,sz000919
0,11.55,20260311,11.55,死叉减半,False,4.42,12.31,12.06,50,sz000957
0,5.79,20260408,5.79,观察期末,False,3.8,6.01,6.01,100,sz300032
3,8.33,20250430,6.75,死叉减半,False,-8.91,9.26,7.59,200,sz300281
1,14.25,20260310,13.32,死叉减半,False,3.27,14.72,14.72,150,sz002708
0,22.67,20260408,22.67,观察期末,False,8.07,24.5,24.5,100,sz001256
4,8.06,20250409,6.59,观察期末,False,6.27,9.87,8.57,500,sz300084
0,41.43,20250929,41.43,死叉减半,False,6.13,44.76,43.97,50,sz301182
0,4.63,20260204,4.63,死叉减半,False,0.0,4.69,4.63,50,sz200025
0,3.78,20250704,3.78,死叉减半,False,-5.29,4.01,3.58,50,sz002397
3,6.96,20250411,5.68,死叉减半,False,-10.53,7.4,6.23,350,sz002696
0,3965.67,20260310,3965.67,观察期末,False,-1.01,3965.67,3925.7,100,sz399676
0,19.71,20251128,19.71,死叉减半,False,-10.81,20.73,17.58,50,sz300549
0,48.17,20260310,48.17,死叉减半,False,-4.55,48.32,45.98,50,sz301119
2,9.76,20250905,8.4,死叉减半,False,-3.69,10.44,9.4,150,sz300507
0,7.02,20241224,7.02,死叉减半,False,-6.27,7.02,6.58,50,sz002511
0,15.7,20260305,15.7,死叉减半,False,-9.43,15.89,14.22,50,sz002845
0,8.06,20251209,8.06,死叉减半,False,-8.68,8.15,7.36,50,sz000953
0,5.88,20260324,5.88,观察期末,False,5.27,6.34,6.19,100,sz300664
2,54.17,20250408,48.98,观察期末,False,8.68,62.29,58.87,300,sz002311
0,14.25,20260310,14.25,死叉减半,False,-9.54,14.25,12.89,50,sz300778
0,18.02,20260305,18.02,死叉减半,False,-12.1,18.76,15.84,50,sz000555
1,13.43,20250303,12.77,死叉减半,False,-14.39,14.09,11.5,100,sz300349
0,13.8,20250819,13.8,死叉减半,False,-20.36,14.26,10.99,50,sz300986
4,16.49,20250411,13.29,观察期末,False,10.63,18.88,18.24,500,sz300199
2,20.67,20251118,18.59,观察期末,False,10.38,23.68,22.82,300,sz301566
0,28.58,20250303,28.58,死叉减半,False,-13.72,29.92,24.66,50,sz002869
5,22.21,20260311,17.52,观察期末,False,15.73,26.76,25.7,600,sz300432
7,9.01,20260129,6.44,观察期末,False,-5.13,11.09,8.55,800,sz300264
1,37.49,20250725,35.62,死叉减半,False,-5.91,39.37,35.28,100,sz301067
9,13.18,20240807,8.73,观察期末,False,18.97,16.69,15.68,1000,sz300460
1,15.24,20251127,14.27,死叉减半,False,-4.31,15.72,14.58,150,sz301519
3,26.69,20251219,21.76,死叉减半,False,-14.47,30.17,22.83,350,sz001231
1,6.02,20250904,5.64,死叉减半,False,-5.15,6.29,5.71,150,sz000862
5,46.15,20251015,34.72,死叉减半,False,13.1,52.2,52.2,550,sz300785
0,5.38,20260325,5.38,死叉减半,False,-5.2,5.38,5.1,50,sz000755
7,26.07,20251224,18.53,死叉减半,False,-13.67,32.71,22.51,400,sz300780
2,193.61,20260310,171.56,死叉减半,False,6.13,208.47,205.48,250,sz300953
0,11.17,20260401,11.17,死叉减半,False,-7.61,11.17,10.32,50,sz301301
1,6.41,20251205,5.74,死叉减半,False,-15.49,6.75,5.42,150,sz300278
14,48.05,20251031,27.01,观察期末,False,25.36,65.12,60.24,1500,sz301286
0,29.37,20260408,29.37,死叉减半,False,-1.23,29.37,29.01,50,sz300886
0,15.33,20260123,15.33,死叉减半,False,-7.57,15.33,14.17,50,sz002125
0,6.62,20260224,6.62,死叉减半,False,-14.2,6.91,5.68,50,sz002442
1,6.9,20251020,6.44,死叉减半,False,-3.19,7.63,6.68,150,sz300350
1,6.63,20251215,6.23,死叉减半,False,-18.4,7.03,5.41,100,sz002697
1,15.06,20251219,14.3,死叉减半,False,-8.83,15.82,13.73,100,sz300632
10,54.24,20240919,33.98,死叉减半,False,-3.64,69.64,52.27,550,sz300598
0,19.02,20260204,19.02,死叉减半,False,-4.94,19.96,18.08,50,sz002946
0,7.15,20260408,7.15,死叉减半,False,-0.98,7.17,7.08,50,sz000404
1,7.62,20260324,7.25,观察期末,False,-0.46,8.3,7.58,200,sz000019
0,14.23,20250414,14.23,死叉减半,False,0.91,15.61,14.36,50,sz002675
4,11.44,20250717,8.98,死叉减半,False,4.07,12.72,11.91,450,sz002171
0,8.43,20250402,8.43,死叉减半,False,-14.73,8.43,7.19,50,sz300304
1,13.18,20260324,12.49,观察期末,False,-2.28,14.26,12.88,200,sz000729
1,6.63,20251128,6.09,死叉减半,False,0.9,6.9,6.69,150,sz300335
0,28.15,20260324,28.15,死叉减半,False,2.7,28.91,28.91,50,sz300001
1,39.66,20260324,37.52,观察期末,False,6.71,43.16,42.32,200,sz301560
1,13.29,20250226,12.56,死叉减半,False,-10.08,14.14,11.95,100,sz000878
0,4.28,20251128,4.28,死叉减半,False,-0.47,4.61,4.26,50,sz002641
1,103.19,20260324,97.5,观察期末,False,5.51,108.88,108.88,200,sz301479
2,4.5,20250421,3.97,死叉减半,False,3.38,4.85,4.65,250,sz002716
0,32.03,20241127,32.03,死叉减半,False,-9.86,33.86,28.87,50,sz002422
0,50.08,20260310,50.08,死叉减半,False,6.03,53.22,53.1,50,sz002993
5,8.67,20250414,6.6,死叉减半,False,-5.88,10.42,8.16,550,sz002658
2,21.89,20251219,19.3,死叉减半,False,-11.85,24.7,19.3,150,sz000985
1,17.34,20250103,16.5,死叉减半,False,-22.43,18.18,13.45,100,sz000756
0,14.64,20260305,14.64,死叉减半,False,-5.12,15.37,13.89,50,sz003025
2,17.95,20251128,15.58,死叉减半,False,8.81,19.78,19.53,250,sz002159
4,4.88,20250829,3.94,死叉减半,False,-15.09,5.61,4.14,450,sz200468
10,10.49,20250506,6.72,死叉减半,False,-6.37,14.04,9.82,550,sz002040
0,9.48,20260305,9.48,观察期末,False,2.11,10.14,9.68,100,sz300162
0,23.51,20250801,23.51,死叉减半,False,-2.72,24.99,22.87,50,sz301049
0,15.71,20260325,15.71,死叉减半,False,2.29,16.17,16.07,50,sz300504
4,10.71,20250630,8.57,死叉减半,False,7.94,12.56,11.56,450,sz000752
0,121.97,20251015,121.97,死叉减半,False,5.71,128.94,128.94,50,sz003021
2,14.15,20250624,12.69,观察期末,False,5.28,15.78,14.9,300,sz301037
1,10.4,20260304,9.9,死叉减半,False,-13.52,10.95,8.99,100,sz002877
0,10.31,20250711,10.31,死叉减半,False,1.75,11.1,10.49,50,sz300462
2,37.12,20250627,32.4,死叉减半,False,-8.59,39.7,33.93,250,sz301281
1,3.84,20250414,3.46,死叉减半,False,-2.34,4.13,3.75,150,sz002489
0,11.43,20250818,11.43,死叉减半,False,2.97,12.04,11.77,50,sz002216
0,11.46,20251127,11.46,死叉减半,False,-8.55,12.57,10.48,50,sz002825
4,19.11,20260310,15.58,观察期末,False,19.75,22.88,22.88,500,sz002645
0,2.84,20251219,2.84,死叉减半,False,-8.45,2.85,2.6,50,sz002495
1,14.14,20251125,13.0,死叉减半,False,-2.48,14.71,13.79,150,sz001299
2,33.38,20260408,29.55,观察期末,False,13.03,38.34,37.73,300,sz002213
0,5.65,20250410,5.65,死叉减半,False,0.18,6.1,5.66,50,sz000419
0,16.26,20251027,16.26,死叉减半,False,-9.1,16.26,14.78,50,sz002045
2,4.81,20251015,4.3,死叉减半,False,-29.68,5.2,3.38,150,sz002689
0,9.05,20260324,9.05,观察期末,False,3.54,9.42,9.37,100,sz002091
11,4.73,20250430,2.97,死叉减半,False,-3.4,6.28,4.57,600,sz002471
0,22.01,20251127,22.01,死叉减半,False,-3.63,23.35,21.21,50,sz300019
0,7.39,20251128,7.39,死叉减半,False,-4.74,7.41,7.04,50,sz000605
5,46.42,20260106,35.82,死叉减半,False,-20.68,55.21,36.82,300,sz001255
1,7.84,20250529,7.41,观察期末,False,5.36,8.3,8.26,200,sz300228
0,5.38,20260324,5.38,死叉减半,False,-6.51,5.62,5.03,50,sz300187
1,20.26,20250529,19.21,死叉减半,False,2.99,21.49,20.86,100,sz000948
0,9.98,20260325,9.98,死叉减半,False,-0.9,10.28,9.89,50,sz000998
