last_trade_date,today_close,prev_n_days,prev_n_max_high,n_day_high_break,ma120_breakthrough_date,price_at_ma120_segment_start,growth_pct_ma120_start_to_today,days_since_ma120_segment,ts_code
20260420,67.57,20,66.52,True,20260403,51.22,31.9211,11,688146
20260420,36.6,20,35.48,True,20260403,29.85,22.6131,11,300747
20260420,35.81,20,35.35,True,20260403,30.9,15.89,11,688010
20260420,31.74,20,28.9,True,20260401,24.4,30.082,13,003023
20260420,12.91,20,12.88,True,20260401,11.68,10.5308,13,603010
20260420,48.98,20,48.72,True,20260401,41.39,18.3378,13,605100
20260420,12.4,20,12.26,True,20260401,10.16,22.0472,13,603458
20260420,13.25,20,13.23,True,20260401,12.29,7.8112,13,002579
20260420,13.73,20,13.3,True,20260401,12.36,11.0841,13,300592
20260420,24.44,20,22.57,True,20260331,18.41,32.7539,14,600184
20260420,41.81,20,40.38,True,20260330,35.55,17.609,15,300762
20260420,7.15,20,7.01,True,20260330,6.39,11.8936,15,600724
20260420,86.73,20,85.48,True,20260330,47.83,81.3297,15,688677
20260420,16.04,20,15.96,True,20260327,13.85,15.8123,16,603303
20260420,19.48,20,19.36,True,20260327,16.73,16.4375,16,603132
20260420,28.41,20,28.33,True,20260327,23.55,20.6369,16,001230
20260420,12.44,20,12.29,True,20260326,11.0,13.0909,17,300254
20260420,38.25,20,37.28,True,20260326,24.11,58.6479,17,688163
20260420,9.74,20,9.67,True,20260326,8.35,16.6467,17,601886
20260420,7.26,20,6.94,True,20260325,5.44,33.4559,18,002692
20260420,21.47,20,19.95,True,20260325,18.29,17.3866,18,600872
20260417,56.02,20,54.88,True,20260325,50.75,10.3842,17,300807
20260420,17.91,20,17.39,True,20260325,13.1,36.7176,18,002203
20260420,8.47,20,7.91,True,20260324,6.89,22.9318,15,002686
20260420,16.12,20,15.89,True,20260324,13.14,22.6788,19,300700
20260420,26.09,20,25.1,True,20260324,22.85,14.1794,19,688129
20260420,31.24,20,28.99,True,20260324,20.27,54.1194,19,605222
20260420,42.61,20,41.79,True,20260324,34.17,24.7,19,301295
20260420,14.39,20,14.28,True,20260324,13.19,9.0978,19,301059
20260420,20.75,20,20.36,True,20260324,17.82,16.4422,19,300447
20260420,76.0,20,74.9,True,20260324,45.0,68.8889,19,300489
20260420,66.95,20,66.54,True,20260324,49.91,34.1415,19,301387
20260420,20.77,20,20.5,True,20260324,19.16,8.4029,19,603515
20260420,15.27,20,15.0,True,20260324,9.59,59.2284,19,002560
20260420,60.86,20,59.7,True,20260324,53.49,13.7783,19,301169
20260420,8.76,20,8.74,True,20260324,8.22,6.5693,19,002966
20260420,44.03,20,42.6,True,20260324,30.63,43.748,19,688450
20260420,39.8,20,37.5,True,20260324,30.38,31.0072,19,603285
20260420,24.12,20,23.7,True,20260324,20.13,19.8212,19,688355
20260420,27.31,20,27.2,True,20260323,18.57,47.0652,20,603906
20260420,20.03,20,19.9,True,20260319,17.31,15.7135,22,603580
20260420,123.72,20,122.22,True,20260310,86.55,42.9463,28,301196
20260420,52.86,20,51.47,True,20260310,35.69,48.1087,28,301511
20260420,33.0,20,30.58,True,20260309,13.4,146.2687,29,002580
20260420,5.4,20,5.25,True,20260305,4.34,24.424,31,000420
20260420,26.63,20,26.39,True,20260305,18.9,40.8995,31,002866
20260420,5.51,20,5.38,True,20260303,2.93,88.0546,33,002528
20260420,114.48,20,111.74,True,20260226,76.73,49.1985,36,300782
20260420,5.7,20,5.57,True,20260224,4.68,21.7949,38,002628
20260420,78.0,20,73.12,True,20260212,24.0,225.0,40,002980
20260420,44.97,20,43.98,True,20260212,30.75,46.2439,40,300499
20260420,7.5,20,7.47,True,20260209,6.87,9.1703,43,300511
20260420,14.99,20,14.74,True,20260209,12.15,23.3745,43,603936
20260420,11.59,20,11.17,True,20260209,9.24,25.4329,43,603912
20260420,22.71,20,22.16,True,20260204,17.27,31.4997,46,002875
20260420,13.87,20,13.83,True,20260203,11.3,22.7434,47,603088
20260420,32.54,20,31.44,True,20260123,22.45,44.9443,54,603139
20260420,12.05,20,11.99,True,20260120,4.43,172.009,57,600683
20260420,5.71,20,5.63,True,20260119,4.18,36.6029,58,002259
20260420,16.62,20,15.96,True,20260116,10.71,55.1821,59,301081
20260420,81.15,20,77.8,True,20260114,34.9,132.5215,61,688628
20260420,18.79,20,18.09,True,20260112,6.01,212.6456,63,001896
20260420,65.16,20,61.86,True,20260112,34.96,86.3844,63,300617
20260420,44.81,20,44.06,True,20260109,32.03,39.9001,64,688253
20260420,71.4,20,70.99,True,20260108,52.76,35.3298,65,688777
20260420,106.66,20,99.36,True,20260108,67.1,58.9568,65,300776
20260420,77.04,20,74.98,True,20260108,24.97,208.5302,65,688309
20260420,17.42,20,16.06,True,20260108,10.39,67.6612,65,600590
20260420,28.33,20,27.5,True,20260108,22.5,25.9111,65,300065
20260420,17.15,20,16.99,True,20260108,9.1,88.4615,65,300246
20260420,13.09,20,13.08,True,20260108,11.51,13.7272,65,002216
20260420,23.63,20,23.59,True,20260107,19.25,22.7532,61,603078
20260420,28.55,20,27.25,True,20260106,20.87,36.7992,67,603057
20260420,103.77,20,101.0,True,20260106,58.21,78.2683,67,600259
20260420,16.24,20,15.88,True,20260105,10.75,51.0698,68,600268
20260420,27.05,20,27.02,True,20260105,18.92,42.9704,68,002246
20260420,36.39,20,35.97,True,20260105,23.35,55.8458,68,688069
20260420,8.88,20,8.85,True,20251231,6.04,47.0199,69,603012
20260420,11.61,20,11.48,True,20251231,8.15,42.454,69,300599
20260420,15.52,20,14.63,True,20251224,12.9,20.3101,74,605007
20260420,13.93,20,13.9,True,20251224,6.98,99.5702,74,600152
20260420,31.52,20,30.17,True,20251224,15.58,102.3107,74,603738
20260420,46.5,20,45.8,True,20251224,29.96,55.2069,74,605118
20260420,9.69,20,9.6,True,20251224,7.19,34.7705,74,300099
20260420,212.96,20,193.6,True,20251223,66.15,221.935,75,001400
20260420,91.69,20,83.35,True,20251223,32.74,180.055,75,603052
20260420,26.21,20,25.96,True,20251222,14.54,80.2613,76,002810
20260420,64.8,20,63.8,True,20251222,42.49,52.5065,76,688448
20260420,11.12,20,11.07,True,20251218,7.91,40.5815,78,000990
20260420,72.86,20,72.5,True,20251218,37.3,95.3351,78,688090
20260420,73.96,20,68.0,True,20251218,45.23,63.5198,78,301186
20260420,32.42,20,31.82,True,20251215,27.95,15.9928,81,002142
20260420,82.44,20,80.8,True,20251212,53.0,55.5472,82,301548
20260420,22.87,20,21.83,True,20251211,17.22,32.8107,83,002879
20260420,42.11,20,41.52,True,20251211,28.54,47.5473,83,600391
20260420,12.66,20,12.52,True,20251210,8.15,55.3374,84,002201
20260420,119.01,20,112.48,True,20251208,59.37,100.4548,86,003031
20260420,40.96,20,38.0,True,20251205,21.8,87.8899,87,002536
20260420,50.2,20,45.5,True,20251205,21.36,135.0187,87,300900
20260420,140.2,20,137.99,True,20251205,68.08,105.9342,87,688375
20260420,21.38,20,20.67,True,20251204,9.8,118.1633,88,300265
20260420,37.38,20,35.25,True,20251204,21.54,73.5376,88,601698
20260420,22.85,20,22.78,True,20251204,12.12,88.5314,88,001208
20260420,9.4,20,9.38,True,20251203,3.61,160.3878,89,002498
20260420,20.63,20,20.39,True,20251202,6.81,202.9369,90,002361
20260420,60.28,20,56.0,True,20251202,18.55,224.9596,90,002149
20260420,77.14,20,75.17,True,20251127,47.51,62.3658,93,301571
20260420,120.05,20,116.83,True,20251124,56.95,110.7989,96,002281
20260420,386.0,20,374.56,True,20251124,186.18,107.3262,96,300870
20260420,10.42,20,10.08,True,20251124,6.68,55.988,96,002300
20260420,23.9,20,21.73,True,20251124,9.04,164.3805,96,600330
20260420,63.02,20,61.0,True,20251124,18.05,249.1413,96,300342
20260420,25.53,20,23.84,True,20251124,10.9,134.2202,96,600879
20260420,35.51,20,34.43,True,20251107,14.56,143.8874,107,300102
20260420,8.56,20,8.48,True,20251103,6.56,30.4878,111,300272
20260420,48.7,20,45.93,True,20251031,26.49,83.843,112,603663
20260420,38.35,20,36.22,True,20251031,27.96,37.1602,112,603489
20260420,107.28,20,105.44,True,20251030,24.34,340.756,113,603629
20260420,19.53,20,18.22,True,20251030,6.76,188.9053,113,300058
20260420,61.37,20,59.97,True,20251024,28.53,115.1069,112,003041
20260420,24.31,20,21.54,True,20251023,13.52,79.8077,118,300518
20260420,43.14,20,39.22,True,20251021,11.87,263.4372,120,003018
20260420,22.02,20,21.2,True,20251021,14.76,49.187,120,300849
20260420,33.49,20,32.4,True,20251020,19.29,73.6133,121,003004
20260420,28.75,20,28.38,True,20251020,12.66,127.0932,121,300626
20260420,117.24,20,116.39,True,20251020,66.48,76.3538,121,603991
20260420,28.65,20,28.57,True,20251009,14.54,97.0426,128,603938
20260420,33.46,20,32.84,True,20250929,14.87,125.0168,130,300970
20260420,34.33,20,33.8,True,20250925,22.04,55.7623,132,002899
20260420,18.22,20,17.8,True,20250917,6.493,180.6099,138,601179
20260420,26.49,20,25.6,True,20250911,9.88,168.1174,142,300179
20260420,8.04,20,7.87,True,20250908,4.06,98.0296,145,000949
20260420,26.28,20,26.25,True,20250905,11.063,137.5486,146,688548
20260420,11.54,20,11.22,True,20250905,5.7,102.4561,145,002647
20260420,10.96,20,10.91,True,20250815,4.65,135.6989,161,002429
20260420,62.44,20,59.9,True,20250804,24.1,159.0871,170,300503
20260420,8.31,20,8.3,True,20250731,3.825,117.2549,169,002131
20260420,235.88,20,235.35,True,20250725,69.28,240.4734,176,688702
20260420,42.37,20,40.42,True,20250725,15.62,171.2548,176,601231
20260420,77.8,20,75.29,True,20250721,22.91,239.5897,180,300136
20260420,68.38,20,65.27,True,20250717,17.19,297.7894,182,300806
20260420,17.97,20,17.8,True,20250717,5.69,215.8172,182,688387
20260420,52.25,20,52.22,True,20250716,19.58,166.8539,183,688081
20260420,175.63,20,171.01,True,20250714,46.87,274.7173,185,301086
20260420,68.2,20,62.0,True,20250711,20.48,233.0078,186,002428
20260420,15.92,20,15.6,True,20250702,7.38,115.7182,193,300444
20260420,133.34,20,127.47,True,20250630,39.41,238.3405,194,603268
20260420,40.6,20,39.99,True,20250624,22.01,84.4616,199,300899
20260420,103.4,20,101.54,True,20250624,29.95,245.2421,199,301285
20260420,94.52,20,88.35,True,20250624,26.94,250.8537,199,600118
20260420,40.99,20,39.17,True,20250623,13.09,213.1398,200,688102
20260420,234.1,20,228.0,True,20250623,28.13,732.2076,200,301232
20260420,131.31,20,131.0,True,20250623,62.95,108.5941,200,688002
20260420,37.39,20,35.85,True,20250623,11.41,227.695,200,600343
20260420,77.75,20,77.0,True,20250623,26.4,194.5076,200,300731
20260420,26.18,20,25.88,True,20250623,8.89,194.4882,200,603876
20260420,68.32,20,65.18,True,20250623,26.91,153.8833,200,688663
20260420,68.3,20,67.88,True,20250623,24.82,175.1813,190,301148
20260420,28.2,20,25.58,True,20250623,9.68,191.3223,200,301265
20260420,27.35,20,25.66,True,20250623,10.0,173.5,198,300736
20260420,47.96,20,45.97,True,20250623,16.1,197.8882,200,002957
20260420,47.15,20,47.0,True,20250623,13.35,253.1835,200,605287
20260420,206.12,20,203.41,True,20250623,42.19,388.5518,200,301200
20260420,178.25,20,174.94,True,20250623,33.211,436.7198,200,301005
20260420,99.66,20,94.74,True,20250623,31.35,217.8947,200,688480
20260420,69.0,20,68.7,True,20250623,18.6,270.9677,200,688607
20260420,89.63,20,85.47,True,20250623,30.954,189.5587,200,002487
20260420,74.72,20,72.49,True,20250623,19.87,276.0443,200,688523
20260420,21.37,20,21.16,True,20250618,10.92,95.696,202,300093
20260420,17.13,20,16.94,True,20250606,7.26,135.9504,211,600331
20260420,19.97,20,19.94,True,20250528,9.97,100.3009,217,601958
20260420,58.54,20,57.09,True,20250506,9.77,499.1812,233,000657
20260420,14.33,20,13.75,True,20250506,7.23,98.2019,228,300018
20260420,48.76,20,48.3,True,20250430,14.753,230.509,234,000962
20260420,54.04,20,50.4,True,20250429,14.84,264.1509,235,002046
20260420,20.29,20,19.39,True,20250421,3.321,510.9606,241,002565
20260420,13.66,20,13.63,True,20250408,7.46,83.1099,250,000672
20260420,12.16,20,11.84,True,20241014,2.89,320.7612,362,603608
20260420,21.91,20,19.92,True,20240925,3.07,613.6808,375,600234
20260420,220.16,20,220.11,True,20240729,208.44,5.6227,417,399301
20260420,216.26,20,216.2,True,20240729,204.75,5.6215,417,399298
